energy,tempo,instrumentalness,acousticness,danceability,key,loudness,mode,speechiness,liveness,valence,duration_ms,time_signature,label
0.201,88.107,2.26e-05,0.907,0.639,7.0,-16.613,0,0.0526,0.124,0.4,111734.0,4.0,Mender
0.287,80.64,0.961,0.969,0.739,6.0,-14.007,0,0.059,0.111,0.557,188695.0,4.0,Mender
0.305,81.153,0.0,0.833,0.473,11.0,-8.48,0,0.0311,0.109,0.524,138201.0,4.0,Mender
0.162,82.33,0.829,0.933,0.487,11.0,-11.238,0,0.106,0.117,0.49,81000.0,4.0,Mender
0.263,73.834,0.0,0.92,0.49,5.0,-9.248,0,0.0462,0.103,0.361,171486.0,4.0,Mender
0.424,97.675,0.0,0.883,0.462,5.0,-7.038,0,0.0301,0.147,0.564,124742.0,4.0,Mender
0.203,89.646,0.0,0.829,0.532,9.0,-8.524,0,0.0668,0.108,0.543,259920.0,4.0,Mender
0.274,75.01,0.0,0.899,0.664,10.0,-11.005,0,0.0425,0.354,0.392,148812.0,4.0,Mender
0.453,93.877,0.0,0.532,0.443,8.0,-9.763,0,0.12,0.167,0.477,95733.0,1.0,Mender
0.295,79.991,0.000763,0.877,0.575,2.0,-19.252,0,0.204,0.336,0.564,285880.0,4.0,Mender
0.456,93.678,0.0,0.529,0.429,8.0,-9.763,0,0.121,0.178,0.485,95733.0,1.0,Mender
0.586,96.954,0.59,0.638,0.486,2.0,-8.539,0,0.032,0.966,0.393,206848.0,4.0,Mender
0.393,60.587,5.59e-05,0.41,0.438,11.0,-8.877,0,0.0276,0.312,0.533,208933.0,4.0,Mender
0.512,96.428,0.00183,0.772,0.762,11.0,-8.633,0,0.239,0.183,0.576,405653.0,4.0,Mender
0.468,87.803,0.000849,0.524,0.445,5.0,-8.106,0,0.0702,0.112,0.444,177720.0,4.0,Mender
0.468,87.803,0.000849,0.524,0.445,5.0,-8.106,0,0.0702,0.112,0.444,177720.0,4.0,Mender
0.468,87.803,0.000849,0.524,0.445,5.0,-8.106,0,0.0702,0.112,0.444,177720.0,4.0,Mender
0.56,90.016,0.0025,0.595,0.565,9.0,-8.198,0,0.0281,0.207,0.592,194333.0,4.0,Mender
0.00952,80.772,0.921,0.995,0.286,2.0,-40.225,0,0.0447,0.105,0.416,218200.0,4.0,Mender
0.138,80.028,0.942,0.949,0.792,2.0,-17.393,0,0.0832,0.124,0.434,165000.0,4.0,Mender
0.22,80.02,0.902,0.909,0.715,10.0,-16.329,0,0.0553,0.233,0.477,124500.0,4.0,Mender
0.203,79.998,0.837,0.502,0.604,0.0,-16.073,0,0.0439,0.135,0.454,117203.0,4.0,Mender
0.257,79.999,0.91,0.84,0.779,4.0,-15.347,0,0.0791,0.378,0.54,156000.0,4.0,Mender
0.0138,65.14,0.948,0.991,0.379,2.0,-25.238,0,0.0467,0.106,0.378,90117.0,4.0,Mender
0.53,93.927,0.00399,0.809,0.55,0.0,-11.147,0,0.0342,0.13,0.545,218111.0,4.0,Mender
0.466,79.705,6.36e-06,0.833,0.548,1.0,-9.097,0,0.0358,0.159,0.489,183840.0,4.0,Mender
0.403,99.612,7.37e-05,0.704,0.59,11.0,-11.246,0,0.0421,0.111,0.574,137893.0,4.0,Mender
0.414,79.108,0.0,0.897,0.428,7.0,-5.729,0,0.0403,0.238,0.508,175021.0,4.0,Mender
0.326,79.206,0.0,0.864,0.399,7.0,-9.239,0,0.0386,0.191,0.546,174000.0,4.0,Mender
0.285,85.861,1.55e-06,0.829,0.421,2.0,-9.43,0,0.0293,0.233,0.402,196133.0,4.0,Mender
0.398,88.897,0.000537,0.755,0.42,6.0,-9.13,0,0.0296,0.172,0.364,155026.0,3.0,Mender
0.4,98.781,0.000334,0.717,0.666,9.0,-7.324,0,0.0328,0.342,0.395,285506.0,3.0,Mender
0.229,85.854,0.0,0.683,0.613,7.0,-14.887,0,0.353,0.197,0.578,178880.0,4.0,Mender
0.582,79.633,0.356,0.466,0.39,10.0,-9.822,0,0.0427,0.292,0.561,301242.0,4.0,Mender
0.508,79.583,1.41e-06,0.478,0.407,9.0,-9.213,0,0.0324,0.18,0.459,240440.0,4.0,Mender
0.427,75.086,0.0,0.527,0.692,11.0,-10.733,0,0.391,0.17,0.542,202213.0,4.0,Mender
0.224,80.845,1.2e-06,0.715,0.457,9.0,-19.476,0,0.0344,0.224,0.48,154960.0,4.0,Mender
0.564,69.95,0.0,0.57,0.663,9.0,-6.357,0,0.384,0.204,0.351,210517.0,4.0,Mender
0.339,80.036,5.51e-05,0.752,0.705,4.0,-11.382,0,0.41,0.137,0.557,157750.0,4.0,Mender
0.538,76.008,2.23e-06,0.636,0.582,2.0,-9.395,0,0.0353,0.868,0.355,235385.0,4.0,Mender
0.571,96.081,2.01e-06,0.692,0.52,5.0,-8.423,0,0.0333,0.17,0.399,224156.0,4.0,Mender
0.471,78.127,0.0,0.693,0.743,0.0,-11.865,0,0.443,0.106,0.463,349767.0,4.0,Mender
0.457,84.995,1.56e-05,0.723,0.745,10.0,-11.831,0,0.209,0.101,0.48,197000.0,4.0,Mender
0.495,75.015,3.5e-05,0.653,0.736,2.0,-9.999,0,0.0774,0.12,0.437,204800.0,4.0,Mender
0.509,94.228,0.0,0.766,0.813,4.0,-12.016,0,0.463,0.104,0.554,171375.0,4.0,Mender
0.559,74.419,0.0,0.578,0.419,11.0,-15.272,0,0.124,0.118,0.367,65217.0,3.0,Mender
0.392,83.683,4.21e-05,0.794,0.604,4.0,-11.259,0,0.0652,0.102,0.387,190571.0,4.0,Mender
0.329,99.338,1.07e-06,0.535,0.616,4.0,-8.228,0,0.0341,0.114,0.386,126066.0,4.0,Mender
0.36,81.523,0.0,0.912,0.434,2.0,-8.602,0,0.0268,0.166,0.439,144893.0,4.0,Mender
0.264,90.048,0.694,0.552,0.53,5.0,-18.16,0,0.038,0.133,0.489,224013.0,4.0,Mender
0.346,83.912,0.935,0.839,0.71,8.0,-11.872,0,0.0582,0.111,0.364,424080.0,4.0,Mender
0.596,79.359,9.84e-06,0.439,0.508,4.0,-9.034,0,0.0334,0.111,0.4,264546.0,4.0,Mender
0.508,79.583,1.41e-06,0.478,0.407,9.0,-9.213,0,0.0324,0.18,0.459,240440.0,4.0,Mender
0.563,81.467,0.00431,0.678,0.291,11.0,-9.12,0,0.0455,0.11,0.457,238653.0,4.0,Mender
0.159,97.34,0.0,0.923,0.715,2.0,-12.138,0,0.134,0.5,0.485,191466.0,4.0,Mender
0.224,80.035,0.88,0.462,0.48,0.0,-18.077,0,0.0401,0.105,0.395,189405.0,4.0,Mender
0.482,81.056,4.92e-05,0.467,0.597,1.0,-5.888,0,0.0339,0.153,0.435,231760.0,3.0,Mender
0.257,77.524,1.26e-06,0.861,0.629,8.0,-13.329,0,0.0442,0.18,0.374,180781.0,4.0,Mender
0.319,79.822,0.00155,0.721,0.65,0.0,-15.446,0,0.0325,0.115,0.53,224493.0,4.0,Mender
0.381,77.95,6.27e-06,0.514,0.562,9.0,-17.097,0,0.0478,0.11,0.363,240426.0,4.0,Mender
0.35,81.012,4.3e-05,0.822,0.52,7.0,-11.57,0,0.0254,0.111,0.478,202386.0,4.0,Mender
0.328,84.316,0.000105,0.461,0.425,0.0,-11.118,0,0.0249,0.318,0.392,199001.0,4.0,Mender
0.229,79.102,0.0,0.823,0.468,9.0,-12.936,0,0.0303,0.183,0.362,216413.0,4.0,Mender
0.4,87.758,0.0,0.531,0.49,0.0,-13.119,0,0.0358,0.148,0.362,232386.0,4.0,Mender
0.32,85.464,0.0,0.868,0.507,9.0,-9.668,0,0.0319,0.176,0.352,162000.0,4.0,Mender
0.325,72.807,0.0,0.88,0.276,2.0,-9.531,0,0.0326,0.106,0.398,157373.0,4.0,Mender
0.381,75.195,0.0,0.487,0.194,2.0,-6.463,0,0.034,0.329,0.44,333440.0,4.0,Mender
0.263,67.001,0.793,0.904,0.642,10.0,-18.23,0,0.0479,0.139,0.394,201492.0,4.0,Mender
0.368,84.366,0.0,0.832,0.637,8.0,-13.572,0,0.931,0.121,0.485,305260.0,4.0,Mender
0.501,92.031,0.0013,0.627,0.735,11.0,-11.257,0,0.167,0.104,0.551,159130.0,4.0,Mender
0.556,80.003,0.0465,0.776,0.601,7.0,-10.722,0,0.395,0.236,0.457,147000.0,4.0,Mender
0.236,80.795,0.494,0.914,0.444,5.0,-12.968,0,0.172,0.271,0.402,208793.0,4.0,Mender
0.24,95.164,0.726,0.919,0.483,9.0,-18.583,0,0.0883,0.155,0.506,95108.0,3.0,Mender
0.287,89.975,0.0,0.6,0.807,1.0,-9.852,0,0.0386,0.105,0.466,157333.0,4.0,Mender
0.333,99.994,3.54e-06,0.874,0.814,6.0,-11.56,0,0.189,0.615,0.387,100812.0,4.0,Mender
0.335,78.721,0.000142,0.977,0.481,7.0,-17.999,0,0.223,0.18,0.514,121951.0,4.0,Mender
0.3,74.971,0.655,0.927,0.563,11.0,-16.664,0,0.0512,0.234,0.38,172800.0,4.0,Mender
0.158,97.567,0.922,0.964,0.75,6.0,-24.285,0,0.337,0.223,0.507,162192.0,4.0,Mender
0.292,80.002,0.927,0.857,0.674,5.0,-13.884,0,0.0833,0.108,0.581,132000.0,4.0,Mender
0.068,72.57,0.0121,0.953,0.648,9.0,-17.357,0,0.0454,0.109,0.578,174206.0,4.0,Mender
0.394,82.067,0.0414,0.813,0.665,11.0,-11.567,0,0.103,0.185,0.499,123219.0,4.0,Mender
0.243,73.48,0.0,0.943,0.343,11.0,-15.404,0,0.0578,0.532,0.417,320173.0,4.0,Mender
0.243,73.48,0.0,0.943,0.343,11.0,-15.404,0,0.0578,0.532,0.417,320173.0,4.0,Mender
0.194,75.981,0.808,0.973,0.615,4.0,-20.573,0,0.0393,0.12,0.589,145013.0,4.0,Mender
0.224,80.845,1.2e-06,0.715,0.457,9.0,-19.476,0,0.0344,0.224,0.48,154960.0,4.0,Mender
0.194,75.981,0.808,0.973,0.615,4.0,-20.573,0,0.0393,0.12,0.589,145013.0,4.0,Mender
0.194,75.981,0.808,0.973,0.615,4.0,-20.573,0,0.0393,0.12,0.589,145013.0,4.0,Mender
0.129,56.596,0.899,0.993,0.376,6.0,-23.677,0,0.0397,0.142,0.561,59653.0,4.0,Mender
0.129,56.596,0.899,0.993,0.376,6.0,-23.677,0,0.0397,0.142,0.561,59653.0,4.0,Mender
0.373,84.121,0.0,0.648,0.487,2.0,-16.523,0,0.0288,0.144,0.552,354733.0,4.0,Mender
0.334,75.986,0.0,0.864,0.36,3.0,-3.706,0,0.031,0.127,0.365,100911.0,5.0,Mender
0.305,85.976,0.0,0.903,0.606,11.0,-7.478,0,0.0426,0.157,0.503,66533.0,4.0,Mender
0.13,61.913,0.699,0.996,0.552,9.0,-8.612,0,0.103,0.127,0.356,154998.0,3.0,Mender
0.555,83.878,2.35e-05,0.942,0.284,1.0,-6.558,0,0.0362,0.141,0.47,247173.0,4.0,Mender
0.0532,80.306,0.898,0.995,0.307,4.0,-31.453,0,0.0403,0.11,0.514,174600.0,4.0,Mender
0.419,81.686,3.73e-05,0.913,0.203,11.0,-12.363,0,0.0356,0.417,0.451,379973.0,4.0,Mender
0.0489,97.303,0.949,0.964,0.514,1.0,-23.578,0,0.0275,0.233,0.453,52213.0,1.0,Mender
0.0891,86.995,0.698,0.987,0.336,0.0,-22.485,0,0.0493,0.124,0.373,60026.0,4.0,Mender
0.334,85.001,0.0,0.883,0.44,2.0,-13.126,0,0.0365,0.357,0.5,98506.0,4.0,Mender
0.15,84.359,0.2,0.984,0.534,0.0,-14.58,0,0.0422,0.248,0.53,42586.0,4.0,Mender
0.0489,97.303,0.949,0.964,0.514,1.0,-23.578,0,0.0275,0.233,0.453,52213.0,1.0,Mender
0.115,85.384,0.163,0.985,0.368,0.0,-22.659,0,0.0457,0.121,0.503,61826.0,4.0,Mender
0.15,84.359,0.2,0.984,0.534,0.0,-14.58,0,0.0422,0.248,0.53,42586.0,4.0,Mender
0.0891,86.995,0.698,0.987,0.336,0.0,-22.485,0,0.0493,0.124,0.373,60026.0,4.0,Mender
0.49,84.837,0.0,0.827,0.529,0.0,-10.454,0,0.938,0.467,0.488,155960.0,4.0,Mender
0.559,82.852,2.62e-06,0.833,0.534,3.0,-20.687,0,0.925,0.93,0.594,68980.0,3.0,Mender
0.56,94.934,1.34e-06,0.866,0.512,10.0,-13.887,0,0.926,0.911,0.459,198680.0,3.0,Mender
0.4,82.557,0.0,0.763,0.559,11.0,-22.977,0,0.938,0.954,0.437,245954.0,1.0,Mender
0.566,92.895,0.0,0.854,0.619,10.0,-10.768,0,0.949,0.759,0.438,121453.0,3.0,Mender
0.494,64.61,0.0,0.746,0.759,3.0,-12.788,0,0.951,0.415,0.573,71323.0,5.0,Mender
0.514,85.404,0.0,0.892,0.561,6.0,-19.987,0,0.938,0.761,0.4,300100.0,3.0,Mender
0.551,82.045,0.0,0.735,0.488,6.0,-17.701,0,0.944,0.722,0.404,162090.0,3.0,Mender
0.476,91.57,7.15e-06,0.562,0.6,5.0,-16.61,0,0.931,0.362,0.457,109226.0,3.0,Mender
0.588,69.797,0.0,0.917,0.72,5.0,-8.801,0,0.836,0.101,0.367,86438.0,4.0,Mender
0.558,88.127,0.0,0.795,0.587,11.0,-14.645,0,0.962,0.807,0.559,136820.0,4.0,Mender
0.532,55.704,0.0,0.884,0.524,10.0,-13.171,0,0.948,0.765,0.51,488605.0,3.0,Mender
0.591,81.898,0.0,0.836,0.494,10.0,-15.341,0,0.934,0.845,0.533,326120.0,3.0,Mender
0.237,67.802,0.0,0.973,0.689,4.0,-13.088,0,0.96,0.174,0.595,207987.0,3.0,Mender
0.595,96.998,2.92e-06,0.76,0.389,9.0,-15.284,0,0.673,0.669,0.479,53286.0,4.0,Mender
0.445,69.585,0.0,0.772,0.692,11.0,-20.027,0,0.952,0.901,0.58,148565.0,4.0,Mender
0.306,90.575,0.00258,0.865,0.574,11.0,-11.877,0,0.0292,0.117,0.491,187173.0,4.0,Mender
0.229,99.938,0.000576,0.429,0.795,9.0,-16.01,0,0.248,0.623,0.383,192000.0,4.0,Mender
0.503,92.888,0.0,0.637,0.683,5.0,-7.783,0,0.343,0.183,0.483,210279.0,4.0,Mender
0.494,93.609,0.0,0.627,0.703,5.0,-7.829,0,0.315,0.172,0.457,210279.0,4.0,Mender
0.573,84.782,0.0,0.496,0.421,5.0,-10.778,0,0.337,0.179,0.549,297651.0,4.0,Mender
0.581,86.473,0.0,0.462,0.702,8.0,-8.243,0,0.521,0.338,0.571,155689.0,4.0,Mender
0.471,99.986,1.68e-05,0.749,0.794,1.0,-10.046,0,0.0541,0.101,0.52,165600.0,4.0,Mender
0.569,90.31,0.0,0.424,0.528,9.0,-7.198,0,0.256,0.49,0.423,181577.0,4.0,Mender
0.294,82.064,0.0,0.816,0.765,2.0,-7.257,0,0.06,0.138,0.415,223305.0,4.0,Mender
0.456,63.651,5.86e-05,0.964,0.305,9.0,-7.347,0,0.0328,0.106,0.475,91466.0,3.0,Mender
0.581,61.227,0.0,0.496,0.45,0.0,-7.806,0,0.04,0.118,0.463,193084.0,3.0,Mender
0.338,87.554,0.00463,0.927,0.337,0.0,-21.972,0,0.274,0.335,0.4,146666.0,4.0,Mender
0.514,93.484,0.0,0.571,0.755,9.0,-11.15,0,0.354,0.118,0.388,128854.0,4.0,Mender
0.573,99.939,0.0734,0.46,0.695,4.0,-8.597,0,0.106,0.482,0.408,179172.0,4.0,Mender
0.322,98.892,9.24e-05,0.747,0.708,8.0,-12.46,0,0.0371,0.137,0.46,193946.0,4.0,Mender
0.58,94.008,0.0,0.543,0.725,10.0,-7.112,0,0.03,0.106,0.369,181640.0,4.0,Mender
0.265,93.115,0.0709,0.935,0.677,2.0,-15.615,0,0.134,0.116,0.493,242580.0,4.0,Mender
0.199,75.013,2.05e-06,0.835,0.74,4.0,-8.575,0,0.0366,0.116,0.486,131214.0,4.0,Mender
0.529,84.51,0.0,0.495,0.694,1.0,-7.753,0,0.0849,0.104,0.376,113803.0,4.0,Mender
0.512,79.972,1.33e-05,0.56,0.733,6.0,-5.068,0,0.0389,0.174,0.564,120015.0,4.0,Mender
0.492,82.519,0.0,0.477,0.713,1.0,-7.624,0,0.0784,0.104,0.396,156265.0,4.0,Mender
0.497,87.031,2.03e-06,0.643,0.865,1.0,-8.465,0,0.242,0.111,0.547,237375.0,4.0,Mender
0.493,95.995,1.92e-05,0.603,0.611,1.0,-8.365,0,0.0289,0.159,0.425,282613.0,4.0,Mender
0.482,83.054,0.0,0.518,0.432,5.0,-9.756,0,0.156,0.109,0.438,188054.0,4.0,Mender
0.438,81.017,2.83e-05,0.423,0.727,0.0,-7.393,0,0.0546,0.113,0.359,144570.0,4.0,Mender
0.218,88.577,0.005,0.817,0.648,10.0,-13.603,0,0.384,0.108,0.596,104071.0,4.0,Mender
0.462,80.077,0.0,0.681,0.706,4.0,-11.789,0,0.196,0.164,0.41,206697.0,4.0,Mender
0.532,99.994,0.000565,0.779,0.586,11.0,-8.837,0,0.0328,0.124,0.494,379768.0,4.0,Mender
0.445,99.998,0.893,0.835,0.361,11.0,-9.768,0,0.0333,0.146,0.5,295200.0,4.0,Mender
0.36,81.523,0.0,0.912,0.434,2.0,-8.602,0,0.0268,0.166,0.439,144893.0,4.0,Mender
0.457,79.942,4.86e-05,0.594,0.618,0.0,-9.326,0,0.0352,0.136,0.447,201720.0,4.0,Mender
0.459,81.024,0.0593,0.733,0.693,5.0,-12.451,0,0.0407,0.12,0.35,219906.0,4.0,Mender
0.42,91.766,2.11e-05,0.605,0.344,5.0,-11.73,0,0.0454,0.206,0.519,306013.0,4.0,Mender
0.272,74.587,0.000331,0.855,0.65,7.0,-7.496,0,0.0646,0.115,0.523,176440.0,4.0,Mender
0.426,92.156,0.0,0.456,0.609,11.0,-7.9,0,0.0483,0.101,0.444,201401.0,4.0,Mender
0.174,95.802,0.101,0.982,0.433,5.0,-18.791,0,0.0537,0.111,0.366,162446.0,4.0,Mender
0.319,83.293,0.00214,0.925,0.478,9.0,-9.542,0,0.0347,0.114,0.492,188533.0,4.0,Mender
0.0532,80.306,0.898,0.995,0.307,4.0,-31.453,0,0.0403,0.11,0.514,174600.0,4.0,Mender
0.574,92.027,1.44e-06,0.67,0.827,10.0,-5.309,0,0.214,0.312,0.582,329733.0,4.0,Mender
0.0901,81.056,6.16e-06,0.954,0.634,6.0,-16.02,0,0.0748,0.12,0.513,146280.0,4.0,Mender
0.533,85.204,0.0,0.83,0.481,5.0,-7.589,0,0.504,0.694,0.576,234680.0,4.0,Mender
0.4,99.921,0.0,0.651,0.745,7.0,-14.693,0,0.0268,0.168,0.545,268760.0,3.0,Mender
0.493,81.012,0.0,0.815,0.539,2.0,-7.776,0,0.484,0.685,0.457,229133.0,4.0,Mender
0.524,90.862,2.28e-05,0.912,0.565,3.0,-12.296,0,0.171,0.297,0.408,41181.0,4.0,Mender
0.568,99.942,1.45e-05,0.414,0.775,10.0,-8.456,0,0.0644,0.113,0.478,221666.0,4.0,Mender
0.415,78.169,1.72e-05,0.457,0.527,4.0,-11.451,0,0.122,0.117,0.515,125093.0,4.0,Mender
0.471,78.127,0.0,0.693,0.743,0.0,-11.865,0,0.443,0.106,0.463,349767.0,4.0,Mender
0.459,75.912,0.0,0.742,0.549,9.0,-4.946,0,0.115,0.103,0.422,252922.0,5.0,Mender
0.404,81.041,0.0,0.476,0.555,5.0,-7.539,0,0.104,0.111,0.517,184615.0,5.0,Mender
0.458,93.561,0.945,0.89,0.664,9.0,-8.581,0,0.0285,0.115,0.571,169404.0,4.0,Mender
0.437,82.106,0.839,0.923,0.526,2.0,-8.084,0,0.0248,0.111,0.455,178368.0,4.0,Mender
0.508,77.583,0.0,0.439,0.498,2.0,-7.262,0,0.0351,0.501,0.376,166161.0,4.0,Mender
0.243,73.48,0.0,0.943,0.343,11.0,-15.404,0,0.0578,0.532,0.417,320173.0,4.0,Mender
0.45,76.975,5e-05,0.628,0.758,8.0,-11.488,0,0.429,0.11,0.427,240762.0,4.0,Mender
0.324,81.354,0.0,0.805,0.51,4.0,-14.062,0,0.276,0.118,0.47,228706.0,4.0,Mender
0.318,82.019,0.000114,0.575,0.669,10.0,-9.29,0,0.0448,0.133,0.366,168754.0,3.0,Mender
0.39,62.47,0.00025,0.848,0.602,4.0,-9.198,0,0.0408,0.114,0.484,163437.0,4.0,Mender
0.287,80.64,0.961,0.969,0.739,6.0,-14.007,0,0.059,0.111,0.557,188695.0,4.0,Mender
0.4,98.781,0.000334,0.717,0.666,9.0,-7.324,0,0.0328,0.342,0.395,285506.0,3.0,Mender
0.0821,87.379,0.937,0.99,0.636,9.0,-18.707,0,0.106,0.116,0.463,185351.0,4.0,Mender
0.162,82.33,0.829,0.933,0.487,11.0,-11.238,0,0.106,0.117,0.49,81000.0,4.0,Mender
0.284,98.856,0.00139,0.954,0.475,8.0,-13.63,0,0.0389,0.268,0.481,186801.0,3.0,Mender
0.0874,88.783,0.926,0.954,0.519,4.0,-23.828,0,0.0486,0.11,0.595,171773.0,4.0,Mender
0.388,97.313,0.929,0.538,0.411,11.0,-9.457,0,0.0496,0.304,0.356,86000.0,4.0,Mender
0.531,95.718,3.03e-05,0.822,0.635,4.0,-9.077,0,0.0309,0.199,0.471,173000.0,4.0,Mender
0.303,76.367,4.21e-05,0.924,0.645,4.0,-11.652,0,0.0525,0.122,0.535,143413.0,3.0,Mender
0.525,99.842,0.91,0.852,0.427,6.0,-8.739,0,0.0462,0.106,0.386,187345.0,4.0,Mender
0.538,92.023,0.0,0.654,0.756,1.0,-6.625,0,0.0485,0.172,0.516,165108.0,4.0,Mender
0.585,99.935,4.84e-06,0.517,0.567,9.0,-9.32,0,0.0329,0.115,0.374,339442.0,4.0,Mender
0.531,79.993,0.0,0.761,0.544,11.0,-6.899,0,0.0397,0.115,0.471,221044.0,4.0,Mender
0.456,95.992,0.0,0.529,0.816,9.0,-8.281,0,0.569,0.189,0.534,343118.0,4.0,Mender
0.592,79.34,0.0,0.453,0.534,7.0,-6.149,0,0.149,0.193,0.405,186315.0,4.0,Mender
0.501,97.922,0.0,0.455,0.544,8.0,-7.152,0,0.0625,0.108,0.517,210000.0,4.0,Mender
0.352,81.92,0.942,0.656,0.522,4.0,-15.697,0,0.0295,0.157,0.584,150866.0,4.0,Mender
0.236,89.301,0.000127,0.883,0.437,11.0,-13.26,0,0.033,0.226,0.447,67826.0,4.0,Mender
0.56,90.016,0.0025,0.595,0.565,9.0,-8.198,0,0.0281,0.207,0.592,194333.0,4.0,Mender
0.242,95.759,0.94,0.996,0.7,0.0,-22.853,0,0.0395,0.155,0.586,70197.0,4.0,Mender
0.532,99.994,0.000565,0.779,0.586,11.0,-8.837,0,0.0328,0.124,0.494,379768.0,4.0,Mender
0.0762,70.558,0.0,0.958,0.417,11.0,-18.468,0,0.0316,0.171,0.502,74615.0,5.0,Mender
0.526,89.996,0.00605,0.774,0.561,6.0,-10.005,0,0.0258,0.103,0.463,190122.0,4.0,Mender
0.308,46.592,0.0,0.604,0.397,6.0,-7.512,0,0.17,0.364,0.509,54381.0,3.0,Mender
0.23,83.336,0.0,0.968,0.445,4.0,-11.063,0,0.0409,0.102,0.492,82314.0,5.0,Mender
0.33,98.988,0.00242,0.797,0.711,9.0,-12.348,0,0.0293,0.125,0.463,188000.0,4.0,Mender
0.445,99.998,0.893,0.835,0.361,11.0,-9.768,0,0.0333,0.146,0.5,295200.0,4.0,Mender
0.526,89.996,0.00605,0.774,0.561,6.0,-10.005,0,0.0258,0.103,0.463,190122.0,4.0,Mender
0.392,82.011,0.000295,0.883,0.597,10.0,-9.656,0,0.0294,0.11,0.535,273357.0,3.0,Mender
0.498,96.088,0.0384,0.518,0.754,6.0,-8.74,0,0.0882,0.102,0.542,147653.0,4.0,Mender
0.462,96.054,0.212,0.913,0.682,11.0,-11.505,0,0.0388,0.107,0.529,231784.0,4.0,Mender
0.58,88.07,0.0,0.45,0.744,9.0,-6.114,0,0.232,0.108,0.463,132272.0,4.0,Mender
0.459,81.024,0.0593,0.733,0.693,5.0,-12.451,0,0.0407,0.12,0.35,219906.0,4.0,Mender
0.526,89.996,0.00605,0.774,0.561,6.0,-10.005,0,0.0258,0.103,0.463,190122.0,4.0,Mender
0.392,82.011,0.000295,0.883,0.597,10.0,-9.656,0,0.0294,0.11,0.535,273357.0,3.0,Mender
0.33,98.988,0.00242,0.797,0.711,9.0,-12.348,0,0.0293,0.125,0.463,188000.0,4.0,Mender
0.498,96.088,0.0384,0.518,0.754,6.0,-8.74,0,0.0882,0.102,0.542,147653.0,4.0,Mender
0.489,90.526,8.29e-06,0.678,0.711,4.0,-8.892,0,0.12,0.344,0.543,191270.0,4.0,Mender
0.186,58.628,0.0329,0.916,0.287,0.0,-13.963,0,0.0342,0.166,0.532,167000.0,5.0,Mender
0.503,92.888,0.0,0.637,0.683,5.0,-7.783,0,0.343,0.183,0.483,210279.0,4.0,Mender
0.494,93.609,0.0,0.627,0.703,5.0,-7.829,0,0.315,0.172,0.457,210279.0,4.0,Mender
0.569,90.31,0.0,0.424,0.528,9.0,-7.198,0,0.256,0.49,0.423,181577.0,4.0,Mender
0.471,99.986,1.68e-05,0.749,0.794,1.0,-10.046,0,0.0541,0.101,0.52,165600.0,4.0,Mender
0.371,91.173,0.00227,0.411,0.795,7.0,-8.205,0,0.285,0.114,0.415,224313.0,4.0,Mender
0.476,88.617,0.000154,0.749,0.524,5.0,-6.908,0,0.281,0.263,0.396,180770.0,4.0,Mender
0.493,95.995,1.92e-05,0.603,0.611,1.0,-8.365,0,0.0289,0.159,0.425,282613.0,4.0,Mender
0.577,81.986,1.23e-06,0.543,0.65,4.0,-8.728,0,0.0426,0.18,0.373,247160.0,4.0,Mender
0.474,72.068,0.0,0.614,0.483,6.0,-7.286,0,0.0457,0.585,0.428,197930.0,4.0,Mender
0.298,88.447,0.0,0.912,0.339,2.0,-9.875,0,0.0541,0.351,0.468,187562.0,4.0,Mender
0.248,75.136,4.77e-06,0.977,0.481,9.0,-11.826,0,0.0311,0.102,0.433,172013.0,4.0,Mender
0.485,81.522,0.0,0.5,0.546,6.0,-6.313,0,0.0243,0.148,0.425,330013.0,4.0,Mender
0.493,95.995,1.92e-05,0.603,0.611,1.0,-8.365,0,0.0289,0.159,0.425,282613.0,4.0,Mender
0.577,81.986,1.23e-06,0.543,0.65,4.0,-8.728,0,0.0426,0.18,0.373,247160.0,4.0,Mender
0.298,88.447,0.0,0.912,0.339,2.0,-9.875,0,0.0541,0.351,0.468,187562.0,4.0,Mender
0.485,81.522,0.0,0.5,0.546,6.0,-6.313,0,0.0243,0.148,0.425,330013.0,4.0,Mender
0.501,88.253,3.23e-05,0.606,0.423,0.0,-13.298,0,0.0586,0.14,0.543,319066.0,4.0,Mender
0.408,94.055,0.02,0.77,0.595,7.0,-12.058,0,0.0666,0.455,0.45,186800.0,4.0,Mender
0.418,95.153,0.00234,0.605,0.345,7.0,-8.612,0,0.027,0.297,0.462,189988.0,4.0,Mender
0.396,78.046,7.9e-05,0.738,0.509,2.0,-13.505,0,0.0296,0.121,0.486,150786.0,4.0,Mender
0.308,99.951,0.00823,0.701,0.652,4.0,-11.538,0,0.031,0.141,0.361,230480.0,4.0,Mender
0.414,79.108,0.0,0.897,0.428,7.0,-5.729,0,0.0403,0.238,0.508,175021.0,4.0,Mender
0.224,80.845,1.2e-06,0.715,0.457,9.0,-19.476,0,0.0344,0.224,0.48,154960.0,4.0,Mender
0.116,84.414,3.57e-06,0.924,0.361,3.0,-18.774,0,0.0432,0.739,0.387,264706.0,4.0,Mender
0.326,79.206,0.0,0.864,0.399,7.0,-9.239,0,0.0386,0.191,0.546,174000.0,4.0,Mender
0.251,85.002,0.651,0.46,0.757,7.0,-11.408,0,0.144,0.165,0.531,117882.0,4.0,Mender
0.202,86.555,0.922,0.968,0.346,5.0,-19.605,0,0.0337,0.17,0.508,141533.0,4.0,Mender
0.3,85.218,0.939,0.929,0.326,5.0,-13.766,0,0.0295,0.127,0.468,144933.0,4.0,Mender
0.285,85.861,1.55e-06,0.829,0.421,2.0,-9.43,0,0.0293,0.233,0.402,196133.0,4.0,Mender
0.398,88.897,0.000537,0.755,0.42,6.0,-9.13,0,0.0296,0.172,0.364,155026.0,3.0,Mender
0.577,81.986,1.23e-06,0.543,0.65,4.0,-8.728,0,0.0426,0.18,0.373,247160.0,4.0,Mender
0.298,88.447,0.0,0.912,0.339,2.0,-9.875,0,0.0541,0.351,0.468,187562.0,4.0,Mender
0.248,75.136,4.77e-06,0.977,0.481,9.0,-11.826,0,0.0311,0.102,0.433,172013.0,4.0,Mender
0.292,80.002,0.927,0.857,0.674,5.0,-13.884,0,0.0833,0.108,0.581,132000.0,4.0,Mender
0.553,79.144,2.96e-06,0.47,0.401,5.0,-8.263,0,0.0337,0.124,0.364,328992.0,4.0,Mender
0.469,90.933,0.00393,0.856,0.527,7.0,-9.562,0,0.0247,0.121,0.403,282022.0,4.0,Mender
0.311,93.744,2.95e-05,0.886,0.674,10.0,-11.729,0,0.0271,0.107,0.595,275575.0,3.0,Mender
0.242,90.635,0.000192,0.597,0.681,9.0,-18.064,0,0.0333,0.105,0.549,379906.0,4.0,Mender
0.545,87.063,0.0,0.542,0.638,5.0,-5.288,0,0.0316,0.147,0.574,103534.0,4.0,Mender
0.553,79.269,2.96e-06,0.471,0.4,5.0,-8.263,0,0.0337,0.124,0.365,328992.0,4.0,Mender
0.417,89.96,0.000337,0.836,0.671,0.0,-10.219,0,0.0428,0.119,0.428,233736.0,4.0,Mender
0.128,92.105,0.0,0.906,0.605,5.0,-7.703,0,0.0527,0.101,0.515,116840.0,4.0,Mender
0.379,83.236,0.0,0.699,0.735,0.0,-14.658,0,0.953,0.194,0.549,65893.0,5.0,Mender
0.59,89.995,0.0,0.429,0.822,6.0,-8.005,0,0.18,0.102,0.383,229640.0,4.0,Mender
0.552,94.987,1.37e-06,0.417,0.741,0.0,-6.193,0,0.0755,0.117,0.444,172186.0,4.0,Mender
0.224,80.845,1.2e-06,0.715,0.457,9.0,-19.476,0,0.0344,0.224,0.48,154960.0,4.0,Mender
0.511,99.996,2.81e-05,0.42,0.847,0.0,-9.699,0,0.0718,0.117,0.436,294604.0,4.0,Mender
0.547,76.612,8.81e-05,0.433,0.468,11.0,-9.975,0,0.0445,0.282,0.444,301453.0,4.0,Mender
0.435,97.462,0.00175,0.676,0.583,9.0,-11.211,0,0.0365,0.325,0.354,313384.0,3.0,Mender
0.368,90.007,2.14e-05,0.814,0.619,1.0,-12.116,0,0.0837,0.118,0.447,233333.0,4.0,Mender
0.479,82.819,4.98e-05,0.613,0.654,7.0,-8.994,0,0.0333,0.16,0.522,265226.0,4.0,Mender
0.414,95.918,2.47e-05,0.764,0.568,2.0,-6.894,0,0.0245,0.18,0.427,175624.0,4.0,Mender
0.284,80.016,0.0,0.551,0.512,5.0,-7.606,0,0.0263,0.367,0.385,102086.0,4.0,Mender
0.518,87.964,1.31e-06,0.662,0.727,11.0,-9.974,0,0.0905,0.128,0.586,235154.0,4.0,Mender
0.585,80.021,0.000802,0.405,0.655,3.0,-6.899,0,0.039,0.108,0.571,360490.0,4.0,Mender
0.386,79.047,0.000253,0.773,0.641,2.0,-7.535,0,0.0241,0.137,0.592,200832.0,4.0,Mender
0.221,94.533,0.0272,0.994,0.359,4.0,-7.627,0,0.0391,0.311,0.438,52546.0,4.0,Mender
0.368,90.007,2.14e-05,0.814,0.619,1.0,-12.116,0,0.0837,0.118,0.447,233333.0,4.0,Mender
0.298,76.93,5.89e-05,0.569,0.6,9.0,-9.803,0,0.026,0.146,0.425,243116.0,4.0,Mender
0.391,90.088,0.0,0.775,0.647,4.0,-6.755,0,0.0238,0.168,0.504,260093.0,4.0,Mender
0.584,79.988,0.000796,0.402,0.66,3.0,-6.898,0,0.0363,0.108,0.564,360490.0,4.0,Mender
0.336,92.838,0.0,0.552,0.561,9.0,-12.367,0,0.0338,0.102,0.459,274906.0,1.0,Mender
0.298,76.93,5.89e-05,0.569,0.6,9.0,-9.803,0,0.026,0.146,0.425,243116.0,4.0,Mender
0.58,90.054,0.000187,0.589,0.73,0.0,-8.059,0,0.0861,0.224,0.464,141333.0,4.0,Mender
0.551,95.074,0.00158,0.691,0.686,9.0,-7.369,0,0.0698,0.106,0.556,261696.0,4.0,Mender
0.361,73.919,0.0,0.795,0.668,5.0,-9.71,0,0.0353,0.246,0.432,231520.0,3.0,Mender
0.396,82.61,2.79e-06,0.647,0.593,2.0,-8.632,0,0.0369,0.131,0.445,225720.0,4.0,Mender
0.439,93.581,0.0,0.519,0.598,7.0,-9.53,0,0.0332,0.2,0.368,195893.0,4.0,Mender
0.468,76.014,4.86e-05,0.628,0.474,2.0,-6.28,0,0.0281,0.274,0.365,259546.0,4.0,Mender
0.328,84.316,0.000105,0.461,0.425,0.0,-11.118,0,0.0249,0.318,0.392,199001.0,4.0,Mender
0.31,76.898,1.47e-06,0.932,0.68,0.0,-14.806,0,0.0426,0.129,0.521,200400.0,4.0,Mender
0.507,81.955,2.43e-05,0.498,0.492,11.0,-6.662,0,0.0252,0.33,0.355,233405.0,4.0,Mender
0.42,96.313,0.0,0.815,0.61,4.0,-10.889,0,0.0462,0.123,0.553,216446.0,4.0,Mender
0.538,76.008,2.23e-06,0.636,0.582,2.0,-9.395,0,0.0353,0.868,0.355,235385.0,4.0,Mender
0.224,80.845,1.2e-06,0.715,0.457,9.0,-19.476,0,0.0344,0.224,0.48,154960.0,4.0,Mender
0.217,94.033,5.32e-06,0.748,0.709,3.0,-15.576,0,0.0303,0.159,0.413,173049.0,4.0,Mender
0.314,99.435,1.35e-06,0.892,0.596,9.0,-10.024,0,0.029,0.168,0.6,185666.0,4.0,Mender
0.387,98.051,0.0,0.587,0.613,2.0,-11.39,0,0.0255,0.252,0.424,184440.0,4.0,Mender
0.39,80.521,0.0,0.824,0.338,7.0,-8.383,0,0.0323,0.318,0.4,234509.0,4.0,Mender
0.474,72.068,0.0,0.614,0.483,6.0,-7.286,0,0.0457,0.585,0.428,197930.0,4.0,Mender
0.538,95.055,0.865,0.725,0.68,9.0,-12.522,0,0.0495,0.173,0.418,295360.0,4.0,Mender
0.0128,77.217,0.886,0.995,0.388,6.0,-18.532,0,0.0534,0.103,0.359,143520.0,4.0,Mender
0.0532,80.306,0.898,0.995,0.307,4.0,-31.453,0,0.0403,0.11,0.514,174600.0,4.0,Mender
0.502,95.028,0.02,0.886,0.521,5.0,-8.521,0,0.0287,0.188,0.378,241232.0,4.0,Mender
0.179,95.165,2.14e-06,0.924,0.502,9.0,-16.408,0,0.0705,0.794,0.459,203000.0,3.0,Mender
0.424,99.099,0.0,0.792,0.312,4.0,-8.841,0,0.0377,0.602,0.371,215167.0,3.0,Mender
0.52,94.822,0.000142,0.644,0.367,10.0,-7.902,0,0.0321,0.194,0.389,183205.0,4.0,Mender
0.558,82.58,0.000101,0.86,0.224,7.0,-5.648,0,0.0432,0.987,0.37,239040.0,3.0,Mender
0.264,79.378,0.773,0.93,0.399,5.0,-21.574,0,0.0349,0.275,0.595,246800.0,4.0,Mender
0.229,79.102,0.0,0.823,0.468,9.0,-12.936,0,0.0303,0.183,0.362,216413.0,4.0,Mender
0.434,91.026,0.00155,0.474,0.309,11.0,-11.351,0,0.0356,0.317,0.462,379133.0,4.0,Mender
0.325,72.807,0.0,0.88,0.276,2.0,-9.531,0,0.0326,0.106,0.398,157373.0,4.0,Mender
0.216,85.597,3.63e-05,0.935,0.462,1.0,-19.135,0,0.0869,0.699,0.51,99706.0,3.0,Mender
0.567,81.819,0.0,0.51,0.318,4.0,-7.576,0,0.0383,0.99,0.439,302727.0,4.0,Mender
0.196,72.124,0.0,0.885,0.273,9.0,-7.528,0,0.0347,0.105,0.421,249026.0,4.0,Mender
0.196,72.124,0.0,0.885,0.273,9.0,-7.528,0,0.0347,0.105,0.421,249026.0,4.0,Mender
0.196,72.124,0.0,0.885,0.273,9.0,-7.528,0,0.0347,0.105,0.421,249026.0,4.0,Mender
0.196,72.124,0.0,0.885,0.273,9.0,-7.528,0,0.0347,0.105,0.421,249026.0,4.0,Mender
0.107,87.942,0.972,0.994,0.362,9.0,-22.77,0,0.0443,0.107,0.363,115915.0,3.0,Mender
0.0138,65.14,0.948,0.991,0.379,2.0,-25.238,0,0.0467,0.106,0.378,90117.0,4.0,Mender
0.0591,64.988,0.927,0.994,0.401,5.0,-31.025,0,0.0455,0.163,0.383,146874.0,4.0,Mender
0.196,72.609,0.0,0.881,0.344,9.0,-7.518,0,0.032,0.104,0.45,248800.0,4.0,Mender
0.109,88.886,0.873,0.994,0.215,0.0,-27.799,0,0.0321,0.166,0.483,139109.0,3.0,Mender
0.111,97.538,0.94,0.994,0.479,7.0,-21.953,0,0.0379,0.122,0.487,156631.0,4.0,Mender
0.153,75.194,0.863,0.96,0.368,1.0,-27.895,0,0.026,0.111,0.508,146000.0,4.0,Mender
0.0128,77.217,0.886,0.995,0.388,6.0,-18.532,0,0.0534,0.103,0.359,143520.0,4.0,Mender
0.532,99.994,0.000565,0.779,0.586,11.0,-8.837,0,0.0328,0.124,0.494,379768.0,4.0,Mender
0.553,79.144,2.96e-06,0.47,0.401,5.0,-8.263,0,0.0337,0.124,0.364,328992.0,4.0,Mender
0.43,84.017,0.0,0.571,0.523,3.0,-5.314,0,0.0297,0.109,0.442,177893.0,4.0,Mender
0.516,97.727,0.0,0.421,0.32,3.0,-6.163,0,0.0279,0.123,0.394,280071.0,4.0,Mender
0.513,96.96,0.0,0.563,0.602,1.0,-7.953,0,0.0287,0.161,0.6,175821.0,4.0,Mender
0.588,81.973,4.52e-05,0.641,0.5,4.0,-7.66,0,0.0362,0.327,0.35,286120.0,4.0,Mender
0.531,80.976,3.88e-06,0.628,0.59,9.0,-8.677,0,0.0471,0.499,0.482,307407.0,4.0,Mender
0.448,81.131,1.51e-05,0.572,0.525,2.0,-10.365,0,0.0391,0.107,0.356,347453.0,4.0,Mender
0.399,87.972,0.00241,0.427,0.64,1.0,-16.304,0,0.0392,0.381,0.579,358626.0,4.0,Mender
0.469,90.933,0.00393,0.856,0.527,7.0,-9.562,0,0.0247,0.121,0.403,282022.0,4.0,Mender
0.53,83.362,7.3e-06,0.666,0.449,8.0,-8.787,0,0.0951,0.234,0.543,225213.0,4.0,Mender
0.595,82.066,0.000203,0.703,0.482,9.0,-5.336,0,0.0289,0.136,0.482,314700.0,4.0,Mender
0.386,87.989,0.0891,0.598,0.401,9.0,-11.555,0,0.0865,0.199,0.484,201136.0,4.0,Mender
0.548,98.014,0.00146,0.611,0.594,9.0,-7.588,0,0.0267,0.117,0.374,236160.0,4.0,Mender
0.299,83.983,5.69e-05,0.72,0.635,1.0,-13.585,0,0.0384,0.132,0.402,235833.0,4.0,Mender
0.454,90.038,0.0,0.445,0.709,9.0,-7.843,0,0.167,0.136,0.548,272000.0,4.0,Mender
0.598,90.078,0.0,0.616,0.625,7.0,-6.6,0,0.0373,0.299,0.5,171987.0,4.0,Mender
0.44,90.006,0.0,0.559,0.799,1.0,-7.422,0,0.061,0.105,0.43,168000.0,4.0,Mender
0.553,79.144,2.96e-06,0.47,0.401,5.0,-8.263,0,0.0337,0.124,0.364,328992.0,4.0,Mender
0.532,99.994,0.000565,0.779,0.586,11.0,-8.837,0,0.0328,0.124,0.494,379768.0,4.0,Mender
0.333,99.757,0.0,0.737,0.495,4.0,-10.109,0,0.0288,0.112,0.37,158324.0,4.0,Mender
0.338,96.981,4.41e-06,0.864,0.573,7.0,-7.478,0,0.027,0.133,0.451,230103.0,4.0,Mender
0.538,92.023,0.0,0.654,0.756,1.0,-6.625,0,0.0485,0.172,0.516,165108.0,4.0,Mender
0.396,78.046,7.9e-05,0.738,0.509,2.0,-13.505,0,0.0296,0.121,0.486,150786.0,4.0,Mender
0.22,72.077,0.119,0.646,0.283,0.0,-16.805,0,0.0306,0.18,0.369,130573.0,4.0,Mender
0.306,92.322,0.0248,0.602,0.311,6.0,-22.672,0,0.0552,0.121,0.392,278506.0,4.0,Mender
0.427,82.017,0.0,0.739,0.668,0.0,-9.56,0,0.036,0.121,0.551,198452.0,4.0,Mender
0.396,78.046,7.9e-05,0.738,0.509,2.0,-13.505,0,0.0296,0.121,0.486,150786.0,4.0,Mender
0.479,53.905,0.0224,0.585,0.277,5.0,-8.483,0,0.0495,0.16,0.483,230360.0,4.0,Mender
0.221,82.168,0.0464,0.755,0.408,9.0,-23.524,0,0.0397,0.119,0.44,154120.0,4.0,Mender
0.44,89.657,0.0,0.701,0.29,4.0,-9.908,0,0.047,0.409,0.468,355866.0,4.0,Mender
0.404,87.451,0.0123,0.463,0.487,0.0,-14.163,0,0.0274,0.548,0.558,201333.0,4.0,Mender
0.405,82.7,0.00482,0.478,0.418,2.0,-10.714,0,0.0307,0.117,0.433,246266.0,4.0,Mender
0.405,82.7,0.00482,0.478,0.418,2.0,-10.714,0,0.0307,0.117,0.433,246266.0,4.0,Mender
0.455,84.4,0.000303,0.647,0.224,9.0,-9.499,0,0.0346,0.876,0.451,206226.0,4.0,Mender
0.508,92.022,0.534,0.682,0.496,6.0,-8.305,0,0.0244,0.338,0.364,256962.0,4.0,Mender
0.523,93.94,0.000259,0.412,0.721,5.0,-12.212,0,0.0448,0.131,0.377,266986.0,4.0,Mender
0.523,93.94,0.000259,0.412,0.721,5.0,-12.212,0,0.0448,0.131,0.377,266986.0,4.0,Mender
0.39,95.038,1.36e-06,0.642,0.766,10.0,-9.57,0,0.106,0.114,0.462,155374.0,4.0,Mender
0.538,76.008,2.23e-06,0.636,0.582,2.0,-9.395,0,0.0353,0.868,0.355,235385.0,4.0,Mender
0.571,96.081,2.01e-06,0.692,0.52,5.0,-8.423,0,0.0333,0.17,0.399,224156.0,4.0,Mender
0.382,74.0,0.336,0.708,0.769,0.0,-9.594,0,0.0577,0.582,0.582,205107.0,4.0,Mender
0.489,85.404,0.0,0.619,0.688,2.0,-7.627,0,0.173,0.153,0.559,210120.0,5.0,Mender
0.504,97.943,0.0,0.594,0.672,11.0,-8.925,0,0.0446,0.133,0.546,264547.0,4.0,Mender
0.571,96.081,2.01e-06,0.692,0.52,5.0,-8.423,0,0.0333,0.17,0.399,224156.0,4.0,Mender
0.596,89.894,0.0,0.829,0.621,9.0,-7.552,0,0.227,0.108,0.432,225400.0,4.0,Mender
0.229,85.854,0.0,0.683,0.613,7.0,-14.887,0,0.353,0.197,0.578,178880.0,4.0,Mender
0.362,90.822,0.0,0.743,0.449,5.0,-10.38,0,0.0279,0.132,0.6,162160.0,4.0,Mender
0.327,95.974,5.75e-06,0.777,0.448,9.0,-9.207,0,0.0295,0.203,0.372,252080.0,3.0,Mender
0.416,93.473,0.0,0.746,0.341,11.0,-6.429,0,0.0374,0.313,0.396,187594.0,4.0,Mender
0.331,90.826,0.322,0.678,0.384,2.0,-13.683,0,0.0311,0.385,0.402,164720.0,4.0,Mender
0.357,88.251,3.31e-06,0.473,0.477,2.0,-14.114,0,0.0384,0.346,0.358,251600.0,3.0,Mender
0.46,99.854,0.0,0.604,0.586,4.0,-7.932,0,0.0422,0.13,0.524,252026.0,1.0,Mender
0.33,96.943,0.0,0.802,0.421,9.0,-8.508,0,0.0279,0.213,0.508,126573.0,4.0,Mender
0.305,94.716,3.96e-05,0.774,0.537,7.0,-9.978,0,0.0261,0.403,0.46,238132.0,4.0,Mender
0.262,98.02,0.0,0.892,0.641,2.0,-10.141,0,0.0277,0.178,0.46,160313.0,4.0,Mender
0.526,89.996,0.00605,0.774,0.561,6.0,-10.005,0,0.0258,0.103,0.463,190122.0,4.0,Mender
0.362,90.822,0.0,0.743,0.449,5.0,-10.38,0,0.0279,0.132,0.6,162160.0,4.0,Mender
0.229,85.854,0.0,0.683,0.613,7.0,-14.887,0,0.353,0.197,0.578,178880.0,4.0,Mender
0.26,92.032,0.0,0.588,0.539,0.0,-10.414,0,0.0268,0.134,0.492,164000.0,3.0,Mender
0.529,82.755,0.0,0.76,0.549,3.0,-12.291,0,0.108,0.206,0.464,184333.0,4.0,Mender
0.144,76.442,0.00132,0.982,0.539,8.0,-16.424,0,0.0328,0.162,0.543,125000.0,4.0,Mender
0.534,92.475,0.00084,0.586,0.387,11.0,-11.809,0,0.0331,0.607,0.372,198853.0,4.0,Mender
0.0918,91.62,0.000357,0.992,0.545,1.0,-16.959,0,0.0475,0.673,0.419,184699.0,4.0,Mender
0.414,97.635,0.000357,0.927,0.408,4.0,-10.263,0,0.0449,0.679,0.356,169533.0,4.0,Mender
0.382,81.16,0.165,0.987,0.226,2.0,-11.413,0,0.0334,0.329,0.447,205706.0,4.0,Mender
0.284,84.662,0.301,0.988,0.333,5.0,-12.707,0,0.0459,0.121,0.39,152000.0,4.0,Mender
0.323,78.538,0.0,0.79,0.401,7.0,-12.85,0,0.0744,0.736,0.487,151773.0,4.0,Mender
0.543,94.003,2.13e-06,0.436,0.669,3.0,-6.665,0,0.0257,0.34,0.417,277146.0,4.0,Mender
0.265,89.055,0.0,0.952,0.561,0.0,-15.902,0,0.0854,0.415,0.585,139693.0,4.0,Mender
0.422,86.633,5e-05,0.422,0.548,2.0,-11.719,0,0.0549,0.125,0.563,168176.0,4.0,Mender
0.245,88.867,0.000494,0.987,0.456,10.0,-11.593,0,0.0364,0.126,0.526,176927.0,4.0,Mender
0.284,84.831,3.78e-05,0.929,0.484,1.0,-13.235,0,0.0403,0.194,0.477,94850.0,4.0,Mender
0.588,76.063,0.0,0.495,0.306,10.0,-7.373,0,0.0625,0.178,0.542,236871.0,4.0,Mender
0.447,83.193,0.0347,0.993,0.373,7.0,-6.222,0,0.0437,0.276,0.469,157773.0,4.0,Mender
0.391,80.274,0.0561,0.509,0.286,5.0,-10.753,0,0.0408,0.295,0.364,176699.0,4.0,Mender
0.422,94.086,0.00194,0.631,0.323,2.0,-9.726,0,0.0355,0.171,0.36,199840.0,4.0,Mender
0.316,84.796,4e-05,0.926,0.482,1.0,-11.749,0,0.042,0.171,0.484,94850.0,4.0,Mender
0.292,81.529,0.183,0.985,0.462,5.0,-9.773,0,0.0291,0.202,0.553,177626.0,4.0,Mender
0.118,85.342,0.00167,0.996,0.452,6.0,-15.773,0,0.0668,0.211,0.451,168877.0,4.0,Mender
0.0369,98.997,0.0,0.984,0.388,9.0,-21.176,0,0.047,0.115,0.385,125406.0,3.0,Mender
0.0984,64.687,0.0128,0.994,0.502,2.0,-15.272,0,0.0918,0.127,0.48,189653.0,4.0,Mender
0.0369,98.997,0.0,0.984,0.388,9.0,-21.176,0,0.047,0.115,0.385,125406.0,3.0,Mender
0.0984,64.687,0.0128,0.994,0.502,2.0,-15.272,0,0.0918,0.127,0.48,189653.0,4.0,Mender
0.191,80.211,0.553,0.995,0.464,5.0,-14.734,0,0.0509,0.155,0.461,173000.0,4.0,Mender
0.191,80.211,0.553,0.995,0.464,5.0,-14.734,0,0.0509,0.155,0.461,173000.0,4.0,Mender
0.546,86.501,7.57e-05,0.445,0.542,2.0,-6.63,0,0.0786,0.236,0.549,161515.0,4.0,Mender
0.0933,86.341,0.00985,0.994,0.507,2.0,-15.35,0,0.0709,0.13,0.49,189622.0,4.0,Mender
0.291,84.303,0.0865,0.996,0.365,11.0,-9.293,0,0.0579,0.33,0.484,186200.0,5.0,Mender
0.338,99.437,1.5e-05,0.908,0.453,0.0,-10.811,0,0.0398,0.522,0.513,159900.0,3.0,Mender
0.314,74.129,8.03e-06,0.99,0.411,7.0,-11.353,0,0.04,0.501,0.496,183134.0,4.0,Mender
0.116,80.957,0.00024,0.988,0.49,3.0,-18.915,0,0.153,0.183,0.487,144565.0,4.0,Mender
0.115,76.106,0.000336,0.993,0.53,5.0,-17.129,0,0.319,0.143,0.46,118044.0,3.0,Mender
0.386,92.948,0.0328,0.989,0.375,11.0,-15.846,0,0.196,0.267,0.512,180629.0,4.0,Mender
0.134,88.417,0.000147,0.978,0.635,9.0,-19.399,0,0.0652,0.109,0.495,113345.0,4.0,Mender
0.322,77.553,0.0696,0.993,0.353,7.0,-10.9,0,0.0574,0.24,0.473,155711.0,3.0,Mender
0.373,84.552,0.43,0.977,0.325,2.0,-11.905,0,0.0356,0.335,0.494,206961.0,4.0,Mender
0.0332,95.57,0.0,0.963,0.435,5.0,-16.704,0,0.0394,0.103,0.367,194220.0,5.0,Mender
0.236,87.101,0.789,0.995,0.519,11.0,-13.88,0,0.0915,0.123,0.461,199173.0,3.0,Mender
0.358,90.955,0.0,0.824,0.543,9.0,-7.874,0,0.146,0.108,0.477,210546.0,3.0,Mender
0.358,90.955,0.0,0.824,0.543,9.0,-7.874,0,0.146,0.108,0.477,210546.0,3.0,Mender
0.185,87.809,6.63e-05,0.995,0.424,8.0,-17.596,0,0.0517,0.192,0.382,157801.0,4.0,Mender
0.49,95.781,0.000906,0.608,0.306,9.0,-10.29,0,0.0384,0.252,0.468,220880.0,4.0,Mender
0.198,96.001,0.0,0.808,0.611,4.0,-15.871,0,0.307,0.114,0.511,135986.0,3.0,Mender
0.422,96.446,0.31,0.769,0.56,4.0,-11.996,0,0.0416,0.118,0.477,197510.0,4.0,Mender
0.0961,76.727,0.021,0.994,0.459,5.0,-17.36,0,0.0446,0.107,0.426,172720.0,4.0,Mender
0.361,79.879,0.524,0.995,0.498,5.0,-7.184,0,0.0433,0.14,0.425,167773.0,4.0,Mender
0.515,79.917,1.91e-06,0.953,0.365,4.0,-11.46,0,0.352,0.36,0.475,158153.0,3.0,Mender
0.552,96.628,0.0,0.854,0.284,7.0,-8.997,0,0.119,0.49,0.528,185496.0,1.0,Mender
0.266,73.825,3.72e-05,0.996,0.489,0.0,-10.927,0,0.0691,0.408,0.424,172801.0,4.0,Mender
0.199,90.202,0.0,0.825,0.424,7.0,-9.449,0,0.029,0.248,0.501,152106.0,4.0,Mender
0.317,83.142,0.0,0.956,0.381,0.0,-9.251,0,0.0693,0.343,0.535,233426.0,4.0,Mender
0.445,86.862,0.0,0.759,0.56,11.0,-10.492,0,0.047,0.138,0.424,130266.0,4.0,Mender
0.31,97.211,0.0207,0.904,0.393,0.0,-19.931,0,0.104,0.611,0.393,218080.0,3.0,Mender
0.483,75.987,0.0,0.658,0.652,8.0,-9.964,0,0.291,0.393,0.372,134881.0,4.0,Mender
0.408,62.829,0.0,0.95,0.419,9.0,-10.899,0,0.25,0.35,0.502,187500.0,4.0,Mender
0.537,85.03,0.0,0.844,0.788,9.0,-4.966,0,0.107,0.117,0.434,149000.0,4.0,Mender
0.556,80.003,0.0465,0.776,0.601,7.0,-10.722,0,0.395,0.236,0.457,147000.0,4.0,Mender
0.32,80.992,2.45e-06,0.927,0.777,9.0,-11.824,0,0.0847,0.256,0.407,197902.0,4.0,Mender
0.402,91.044,0.0,0.92,0.844,11.0,-8.643,0,0.109,0.102,0.471,108120.0,4.0,Mender
0.584,79.982,4.11e-06,0.622,0.685,2.0,-10.332,0,0.0385,0.132,0.453,168268.0,4.0,Mender
0.387,79.569,0.0,0.428,0.543,11.0,-15.932,0,0.472,0.126,0.577,124865.0,4.0,Mender
0.529,84.51,0.0,0.495,0.694,1.0,-7.753,0,0.0849,0.104,0.376,113803.0,4.0,Mender
0.497,77.02,0.0,0.605,0.686,1.0,-9.409,0,0.105,0.172,0.453,128958.0,4.0,Mender
0.512,79.972,1.33e-05,0.56,0.733,6.0,-5.068,0,0.0389,0.174,0.564,120015.0,4.0,Mender
0.236,80.795,0.494,0.914,0.444,5.0,-12.968,0,0.172,0.271,0.402,208793.0,4.0,Mender
0.492,82.519,0.0,0.477,0.713,1.0,-7.624,0,0.0784,0.104,0.396,156265.0,4.0,Mender
0.438,81.017,2.83e-05,0.423,0.727,0.0,-7.393,0,0.0546,0.113,0.359,144570.0,4.0,Mender
0.24,95.164,0.726,0.919,0.483,9.0,-18.583,0,0.0883,0.155,0.506,95108.0,3.0,Mender
0.335,78.721,0.000142,0.977,0.481,7.0,-17.999,0,0.223,0.18,0.514,121951.0,4.0,Mender
0.333,99.994,3.54e-06,0.874,0.814,6.0,-11.56,0,0.189,0.615,0.387,100812.0,4.0,Mender
0.158,97.567,0.922,0.964,0.75,6.0,-24.285,0,0.337,0.223,0.507,162192.0,4.0,Mender
0.521,85.029,0.0,0.413,0.719,1.0,-9.173,0,0.0625,0.169,0.389,180705.0,4.0,Mender
0.485,82.015,4.77e-05,0.804,0.713,6.0,-11.278,0,0.0684,0.103,0.57,141219.0,4.0,Mender
0.53,87.971,0.000145,0.741,0.662,9.0,-7.343,0,0.0289,0.159,0.458,211093.0,4.0,Mender
0.428,81.927,7.74e-06,0.646,0.417,5.0,-5.862,0,0.0312,0.31,0.398,278040.0,4.0,Mender
0.508,91.693,0.000394,0.802,0.371,11.0,-14.074,0,0.0596,0.162,0.426,374485.0,4.0,Mender
0.116,84.414,3.57e-06,0.924,0.361,3.0,-18.774,0,0.0432,0.739,0.387,264706.0,4.0,Mender
0.314,99.435,1.35e-06,0.892,0.596,9.0,-10.024,0,0.029,0.168,0.6,185666.0,4.0,Mender
0.422,93.286,4.6e-06,0.733,0.378,0.0,-11.382,0,0.0289,0.625,0.389,193693.0,4.0,Mender
0.411,73.491,0.088,0.672,0.47,2.0,-15.196,0,0.0469,0.936,0.384,291106.0,4.0,Mender
0.496,79.839,0.0,0.486,0.705,11.0,-6.197,0,0.0634,0.168,0.488,178208.0,4.0,Mender
0.559,97.856,0.0,0.672,0.56,4.0,-5.478,0,0.0273,0.612,0.441,247517.0,4.0,Mender
0.58,82.723,2.63e-06,0.727,0.43,9.0,-6.238,0,0.0424,0.946,0.427,229133.0,4.0,Mender
0.572,85.09,0.0,0.61,0.559,7.0,-4.794,0,0.0373,0.118,0.369,224626.0,4.0,Mender
0.367,72.397,0.0,0.891,0.4,10.0,-5.023,0,0.0331,0.347,0.357,321245.0,4.0,Mender
0.305,81.874,0.0,0.68,0.724,5.0,-12.763,0,0.257,0.128,0.594,115879.0,4.0,Mender
0.382,83.809,1.01e-06,0.845,0.537,4.0,-9.037,0,0.543,0.121,0.371,154280.0,4.0,Mender
0.233,89.302,0.0,0.726,0.497,0.0,-16.653,0,0.071,0.159,0.365,104266.0,4.0,Mender
0.236,76.61,0.0164,0.746,0.418,0.0,-15.45,0,0.0665,0.611,0.527,320200.0,4.0,Mender
0.518,97.888,0.0,0.659,0.37,3.0,-8.97,0,0.133,0.781,0.399,251800.0,4.0,Mender
0.411,75.897,2.37e-05,0.817,0.596,7.0,-8.335,0,0.558,0.103,0.478,431306.0,4.0,Mender
0.255,94.274,0.0,0.6,0.607,11.0,-15.145,0,0.541,0.102,0.471,134813.0,4.0,Mender
0.191,45.22,0.0,0.846,0.752,8.0,-23.94,0,0.574,0.132,0.391,70991.0,4.0,Mender
0.263,98.768,0.0,0.917,0.585,10.0,-11.035,0,0.242,0.139,0.354,209480.0,4.0,Mender
0.522,94.321,0.0,0.613,0.561,6.0,-7.699,0,0.108,0.103,0.43,178105.0,4.0,Mender
0.329,99.338,1.07e-06,0.535,0.616,4.0,-8.228,0,0.0341,0.114,0.386,126066.0,4.0,Mender
0.459,81.024,0.0593,0.733,0.693,5.0,-12.451,0,0.0407,0.12,0.35,219906.0,4.0,Mender
0.38,85.878,4.01e-05,0.901,0.7,10.0,-9.746,0,0.043,0.304,0.441,348183.0,4.0,Mender
0.196,72.124,0.0,0.885,0.273,9.0,-7.528,0,0.0347,0.105,0.421,249026.0,4.0,Mender
0.196,72.124,0.0,0.885,0.273,9.0,-7.528,0,0.0347,0.105,0.421,249026.0,4.0,Mender
0.196,72.124,0.0,0.885,0.273,9.0,-7.528,0,0.0347,0.105,0.421,249026.0,4.0,Mender
0.196,72.124,0.0,0.885,0.273,9.0,-7.528,0,0.0347,0.105,0.421,249026.0,4.0,Mender
0.542,97.006,0.000196,0.476,0.704,2.0,-4.663,0,0.0307,0.141,0.386,222314.0,4.0,Mender
0.478,98.056,0.0,0.526,0.551,10.0,-10.58,0,0.0378,0.288,0.523,269354.0,4.0,Mender
0.452,91.812,4.26e-05,0.471,0.428,6.0,-10.411,0,0.0316,0.237,0.488,228600.0,4.0,Mender
0.0187,68.983,0.879,0.971,0.208,0.0,-32.373,0,0.0661,0.119,0.458,112198.0,3.0,Mender
0.522,94.321,0.0,0.613,0.561,6.0,-7.699,0,0.108,0.103,0.43,178105.0,4.0,Mender
0.329,99.338,1.07e-06,0.535,0.616,4.0,-8.228,0,0.0341,0.114,0.386,126066.0,4.0,Mender
0.459,81.024,0.0593,0.733,0.693,5.0,-12.451,0,0.0407,0.12,0.35,219906.0,4.0,Mender
0.38,85.878,4.01e-05,0.901,0.7,10.0,-9.746,0,0.043,0.304,0.441,348183.0,4.0,Mender
0.196,72.124,0.0,0.885,0.273,9.0,-7.528,0,0.0347,0.105,0.421,249026.0,4.0,Mender
0.196,72.124,0.0,0.885,0.273,9.0,-7.528,0,0.0347,0.105,0.421,249026.0,4.0,Mender
0.196,72.124,0.0,0.885,0.273,9.0,-7.528,0,0.0347,0.105,0.421,249026.0,4.0,Mender
0.196,72.124,0.0,0.885,0.273,9.0,-7.528,0,0.0347,0.105,0.421,249026.0,4.0,Mender
0.542,97.006,0.000196,0.476,0.704,2.0,-4.663,0,0.0307,0.141,0.386,222314.0,4.0,Mender
0.478,98.056,0.0,0.526,0.551,10.0,-10.58,0,0.0378,0.288,0.523,269354.0,4.0,Mender
0.551,89.87,1.15e-06,0.427,0.457,5.0,-9.36,0,0.167,0.113,0.428,307151.0,4.0,Mender
0.414,79.108,0.0,0.897,0.428,7.0,-5.729,0,0.0403,0.238,0.508,175021.0,4.0,Mender
0.329,99.338,1.07e-06,0.535,0.616,4.0,-8.228,0,0.0341,0.114,0.386,126066.0,4.0,Mender
0.468,87.803,0.000849,0.524,0.445,5.0,-8.106,0,0.0702,0.112,0.444,177720.0,4.0,Mender
0.415,78.169,1.72e-05,0.457,0.527,4.0,-11.451,0,0.122,0.117,0.515,125093.0,4.0,Mender
0.468,87.803,0.000849,0.524,0.445,5.0,-8.106,0,0.0702,0.112,0.444,177720.0,4.0,Mender
0.376,99.972,0.0,0.513,0.677,9.0,-10.837,0,0.0404,0.16,0.552,146448.0,4.0,Mender
0.326,79.206,0.0,0.864,0.399,7.0,-9.239,0,0.0386,0.191,0.546,174000.0,4.0,Mender
0.36,81.523,0.0,0.912,0.434,2.0,-8.602,0,0.0268,0.166,0.439,144893.0,4.0,Mender
0.375,79.948,0.0,0.702,0.625,3.0,-11.094,0,0.0767,0.102,0.48,206266.0,4.0,Mender
0.42,79.89,0.124,0.536,0.568,7.0,-11.169,0,0.276,0.101,0.453,415613.0,4.0,Mender
0.385,79.989,4.27e-05,0.621,0.693,9.0,-8.863,0,0.304,0.306,0.453,231416.0,4.0,Mender
0.457,79.109,2.04e-06,0.789,0.57,1.0,-11.006,0,0.0856,0.971,0.527,363586.0,4.0,Mender
0.448,92.039,2.59e-05,0.706,0.755,4.0,-8.702,0,0.027,0.101,0.397,274693.0,4.0,Mender
0.308,93.343,0.0,0.762,0.474,10.0,-9.411,0,0.0573,0.111,0.418,187016.0,4.0,Mender
0.483,86.037,0.0324,0.95,0.503,0.0,-6.693,0,0.0349,0.146,0.375,285773.0,4.0,Mender
0.529,86.017,8.15e-05,0.551,0.753,5.0,-8.515,0,0.208,0.115,0.381,203583.0,4.0,Mender
0.263,80.014,0.786,0.576,0.797,6.0,-13.089,0,0.106,0.918,0.379,121875.0,4.0,Mender
0.362,86.992,0.454,0.825,0.689,4.0,-12.357,0,0.04,0.113,0.564,157356.0,4.0,Mender
0.36,84.896,0.95,0.926,0.681,11.0,-9.901,0,0.159,0.124,0.417,129819.0,4.0,Mender
0.447,89.981,0.787,0.875,0.696,11.0,-10.871,0,0.044,0.241,0.461,86000.0,4.0,Mender
0.432,78.035,0.803,0.933,0.718,10.0,-11.149,0,0.374,0.565,0.395,117836.0,4.0,Mender
0.428,87.996,0.907,0.763,0.602,10.0,-9.876,0,0.0388,0.105,0.481,134545.0,4.0,Mender
0.506,87.975,0.913,0.436,0.64,11.0,-11.432,0,0.0396,0.108,0.46,110454.0,4.0,Mender
0.279,80.008,0.962,0.835,0.751,0.0,-10.778,0,0.0321,0.135,0.379,126000.0,4.0,Mender
0.446,90.019,0.864,0.564,0.78,11.0,-10.857,0,0.0898,0.104,0.507,120000.0,4.0,Mender
0.401,86.995,0.889,0.625,0.65,5.0,-12.317,0,0.0322,0.122,0.435,181724.0,4.0,Mender
0.443,88.984,0.506,0.807,0.665,10.0,-9.802,0,0.375,0.213,0.526,157226.0,4.0,Mender
0.284,83.008,0.91,0.63,0.643,1.0,-15.849,0,0.0548,0.182,0.428,161038.0,4.0,Mender
0.394,90.056,0.896,0.952,0.639,2.0,-10.414,0,0.108,0.114,0.42,96006.0,4.0,Mender
0.163,70.001,0.913,0.912,0.688,0.0,-15.625,0,0.0823,0.175,0.545,190285.0,4.0,Mender
0.169,77.997,0.842,0.941,0.768,10.0,-12.003,0,0.058,0.132,0.372,187700.0,4.0,Mender
0.377,84.136,0.788,0.542,0.685,0.0,-12.374,0,0.348,0.131,0.597,92500.0,4.0,Mender
0.596,79.06,0.0888,0.766,0.734,9.0,-9.599,0,0.28,0.101,0.597,118406.0,4.0,Mender
0.139,80.009,0.695,0.576,0.757,0.0,-6.647,0,0.0468,0.244,0.533,180000.0,4.0,Mender
0.449,87.992,0.866,0.458,0.704,1.0,-10.623,0,0.0515,0.11,0.355,107937.0,4.0,Mender
0.357,94.007,0.824,0.703,0.758,5.0,-11.709,0,0.136,0.342,0.352,133750.0,4.0,Mender
0.202,89.991,0.915,0.682,0.729,4.0,-8.51,0,0.058,0.111,0.356,118000.0,4.0,Mender
0.458,81.012,0.133,0.49,0.662,4.0,-10.295,0,0.0347,0.11,0.497,145536.0,4.0,Mender
0.407,79.974,0.895,0.699,0.587,11.0,-12.168,0,0.033,0.107,0.513,102250.0,4.0,Mender
0.585,77.238,0.86,0.518,0.626,7.0,-5.824,0,0.0723,0.162,0.381,190714.0,4.0,Mender
0.42,84.941,0.831,0.42,0.755,1.0,-11.109,0,0.074,0.108,0.589,114352.0,4.0,Mender
0.238,90.018,0.851,0.55,0.747,7.0,-11.093,0,0.209,0.161,0.488,150982.0,4.0,Mender
0.358,79.989,0.906,0.808,0.738,4.0,-13.432,0,0.0595,0.142,0.433,97687.0,4.0,Mender
0.252,75.006,0.903,0.93,0.715,3.0,-16.288,0,0.324,0.103,0.395,127442.0,4.0,Mender
0.575,77.99,0.786,0.931,0.647,3.0,-8.577,0,0.218,0.101,0.389,139124.0,4.0,Mender
0.445,90.016,0.867,0.96,0.684,4.0,-7.685,0,0.036,0.157,0.547,109569.0,4.0,Mender
0.339,75.003,0.916,0.95,0.697,9.0,-16.335,0,0.0487,0.115,0.488,212200.0,3.0,Mender
0.333,92.998,0.684,0.89,0.676,6.0,-7.333,0,0.0325,0.116,0.454,159205.0,4.0,Mender
0.421,94.07,0.715,0.694,0.457,4.0,-12.465,0,0.0693,0.167,0.459,121450.0,4.0,Mender
0.229,89.999,0.919,0.85,0.78,0.0,-11.368,0,0.0773,0.124,0.48,128000.0,4.0,Mender
0.549,86.071,0.458,0.804,0.598,10.0,-9.953,0,0.107,0.135,0.444,89857.0,4.0,Mender
0.359,92.024,0.862,0.679,0.687,10.0,-7.232,0,0.0472,0.118,0.499,128634.0,4.0,Mender
0.5,92.043,0.772,0.645,0.681,3.0,-7.871,0,0.124,0.151,0.484,180858.0,4.0,Mender
0.46,95.988,0.973,0.711,0.669,11.0,-6.434,0,0.0461,0.146,0.362,146083.0,4.0,Mender
0.193,68.016,0.807,0.784,0.718,4.0,-13.725,0,0.0613,0.145,0.411,109411.0,4.0,Mender
0.406,98.065,0.0189,0.526,0.817,5.0,-5.435,0,0.0414,0.102,0.39,123045.0,4.0,Mender
0.364,82.984,0.861,0.741,0.699,9.0,-9.705,0,0.0437,0.131,0.358,122168.0,4.0,Mender
0.0816,65.035,0.935,0.748,0.71,2.0,-13.742,0,0.0605,0.104,0.47,84923.0,4.0,Mender
0.383,94.559,0.816,0.792,0.804,11.0,-9.791,0,0.272,0.118,0.594,123535.0,4.0,Mender
0.293,94.999,0.88,0.753,0.739,10.0,-17.762,0,0.0366,0.185,0.474,253657.0,4.0,Mender
0.424,82.024,0.885,0.66,0.692,9.0,-9.657,0,0.0363,0.129,0.405,127317.0,4.0,Mender
0.475,78.16,0.932,0.519,0.534,8.0,-8.449,0,0.0763,0.117,0.487,137294.0,4.0,Mender
0.499,76.268,0.794,0.796,0.445,11.0,-8.424,0,0.301,0.116,0.544,131006.0,4.0,Mender
0.413,75.01,0.877,0.78,0.747,5.0,-8.606,0,0.144,0.132,0.442,84800.0,3.0,Mender
0.468,87.803,0.000849,0.524,0.445,5.0,-8.106,0,0.0702,0.112,0.444,177720.0,4.0,Mender
0.468,87.803,0.000849,0.524,0.445,5.0,-8.106,0,0.0702,0.112,0.444,177720.0,4.0,Mender
0.581,80.01,0.17,0.428,0.641,10.0,-6.833,0,0.0525,0.241,0.582,206750.0,4.0,Mender
0.361,80.64,0.0,0.516,0.394,2.0,-12.805,0,0.0333,0.124,0.486,147613.0,4.0,Mender
0.229,99.938,0.000576,0.429,0.795,9.0,-16.01,0,0.248,0.623,0.383,192000.0,4.0,Mender
0.264,62.604,0.0003,0.966,0.432,0.0,-12.674,0,0.0422,0.101,0.351,182278.0,4.0,Mender
0.379,78.958,0.0,0.492,0.497,4.0,-6.788,0,0.0257,0.281,0.475,236426.0,3.0,Mender
0.457,95.005,2.22e-05,0.556,0.677,4.0,-12.888,0,0.0255,0.191,0.485,226200.0,4.0,Mender
0.349,90.889,0.0104,0.875,0.435,6.0,-12.048,0,0.0598,0.367,0.488,156223.0,4.0,Mender
0.275,82.616,2.06e-05,0.988,0.639,4.0,-10.768,0,0.158,0.276,0.585,189946.0,3.0,Mender
0.242,87.07,0.00788,0.964,0.313,0.0,-12.028,0,0.0383,0.107,0.406,201932.0,3.0,Mender
0.396,85.798,0.068,0.98,0.508,11.0,-8.54,0,0.054,0.381,0.436,159960.0,3.0,Mender
0.399,80.969,3.06e-05,0.839,0.289,9.0,-9.832,0,0.0481,0.145,0.367,220640.0,5.0,Mender
0.331,50.96,0.0,0.863,0.486,2.0,-10.295,0,0.125,0.922,0.392,198235.0,4.0,Mender
0.28,83.299,0.00206,0.94,0.35,0.0,-10.395,0,0.055,0.159,0.44,185600.0,4.0,Mender
0.308,60.048,3.73e-05,0.978,0.504,1.0,-8.062,0,0.0739,0.264,0.582,170533.0,4.0,Mender
0.22,70.21,0.152,0.993,0.541,7.0,-11.114,0,0.108,0.262,0.439,162600.0,4.0,Mender
0.372,75.004,0.00152,0.975,0.269,9.0,-9.583,0,0.037,0.147,0.408,198664.0,4.0,Mender
0.437,89.241,0.0,0.855,0.465,4.0,-15.77,0,0.303,0.363,0.423,208533.0,4.0,Mender
0.152,82.425,1.55e-05,0.874,0.451,4.0,-14.084,0,0.0338,0.168,0.531,168266.0,3.0,Mender
0.34,85.368,0.0,0.718,0.428,5.0,-10.973,0,0.0489,0.195,0.381,181120.0,4.0,Mender
0.481,78.33,0.0,0.951,0.313,7.0,-13.756,0,0.108,0.135,0.588,176933.0,4.0,Mender
0.285,73.757,9.21e-06,0.982,0.453,1.0,-9.107,0,0.0522,0.304,0.507,171133.0,3.0,Mender
0.438,90.027,8.36e-06,0.957,0.379,4.0,-12.207,0,0.115,0.287,0.408,206800.0,3.0,Mender
0.373,98.468,0.000518,0.93,0.531,11.0,-7.389,0,0.0426,0.105,0.597,183337.0,3.0,Mender
0.448,99.513,0.826,0.756,0.561,1.0,-7.884,0,0.0321,0.123,0.429,171175.0,4.0,Mender
0.545,98.407,0.0,0.861,0.638,4.0,-7.456,0,0.153,0.692,0.504,230426.0,4.0,Mender
0.242,62.419,0.0,0.851,0.438,7.0,-14.71,0,0.328,0.839,0.421,237026.0,5.0,Mender
0.436,60.419,0.0292,0.776,0.45,7.0,-6.514,0,0.0446,0.298,0.473,197903.0,4.0,Mender
0.354,88.276,0.0,0.932,0.564,7.0,-3.258,0,0.0493,0.231,0.577,171226.0,3.0,Mender
0.288,96.381,0.64,0.913,0.354,9.0,-14.186,0,0.0332,0.134,0.501,117400.0,1.0,Mender
0.474,90.541,1.65e-05,0.848,0.412,0.0,-4.69,0,0.0732,0.108,0.471,135986.0,3.0,Mender
0.164,80.963,0.00268,0.993,0.588,7.0,-12.555,0,0.0854,0.218,0.393,209866.0,3.0,Mender
0.301,76.798,0.0,0.993,0.543,9.0,-6.867,0,0.217,0.144,0.588,159680.0,4.0,Mender
0.302,62.586,0.0227,0.96,0.391,0.0,-9.798,0,0.0427,0.109,0.445,202466.0,4.0,Mender
0.163,90.269,0.000438,0.979,0.323,4.0,-14.019,0,0.0414,0.249,0.504,173509.0,4.0,Mender
0.249,84.737,6.28e-05,0.821,0.484,11.0,-17.28,0,0.0528,0.969,0.481,248280.0,4.0,Mender
0.133,99.782,0.654,0.866,0.448,7.0,-11.943,0,0.0324,0.107,0.365,240160.0,4.0,Mender
0.53,90.329,9.98e-05,0.646,0.447,11.0,-9.328,0,0.164,0.901,0.523,112059.0,5.0,Mender
0.339,60.748,6.58e-05,0.96,0.545,4.0,-8.627,0,0.0408,0.122,0.452,146720.0,4.0,Mender
0.338,73.609,0.912,0.99,0.313,2.0,-10.253,0,0.0358,0.402,0.44,160493.0,4.0,Mender
0.426,86.934,8.8e-05,0.764,0.421,2.0,-5.294,0,0.046,0.207,0.505,190880.0,1.0,Mender
0.256,88.106,0.0,0.58,0.653,9.0,-8.31,0,0.0384,0.109,0.452,213838.0,4.0,Mender
0.256,96.323,0.00157,0.932,0.489,4.0,-10.127,0,0.0431,0.245,0.511,194893.0,4.0,Mender
0.402,79.334,3.91e-05,0.878,0.393,0.0,-6.515,0,0.0597,0.367,0.507,183413.0,4.0,Mender
0.402,52.446,0.0102,0.966,0.347,2.0,-7.059,0,0.131,0.287,0.421,209106.0,3.0,Mender
0.408,95.736,0.0902,0.776,0.251,7.0,-8.803,0,0.0297,0.213,0.411,143046.0,4.0,Mender
0.537,79.239,0.0524,0.731,0.555,10.0,-9.041,0,0.0314,0.287,0.521,276360.0,4.0,Mender
0.557,99.987,0.151,0.551,0.589,1.0,-7.493,0,0.0421,0.106,0.545,284800.0,4.0,Mender
0.522,92.903,0.353,0.444,0.635,6.0,-12.487,0,0.0371,0.118,0.491,202466.0,4.0,Mender
0.391,85.006,0.235,0.718,0.684,10.0,-11.558,0,0.0646,0.202,0.454,206396.0,4.0,Mender
0.299,90.016,0.839,0.751,0.667,7.0,-8.98,0,0.0392,0.204,0.382,322373.0,4.0,Mender
0.33,95.907,0.877,0.535,0.716,4.0,-12.724,0,0.11,0.642,0.39,308612.0,4.0,Mender
0.493,80.988,0.000402,0.404,0.793,8.0,-10.641,0,0.0647,0.117,0.427,315440.0,4.0,Mender
0.561,94.999,0.872,0.574,0.733,0.0,-10.686,0,0.0463,0.131,0.567,364453.0,4.0,Mender
0.352,95.484,0.27,0.7,0.576,7.0,-10.773,0,0.0268,0.16,0.36,203773.0,4.0,Mender
0.509,99.493,0.524,0.567,0.745,10.0,-10.0,0,0.0395,0.661,0.486,276573.0,4.0,Mender
0.52,73.493,0.00061,0.559,0.633,10.0,-6.238,0,0.0351,0.192,0.458,213505.0,4.0,Mender
0.25,97.029,0.00566,0.875,0.661,3.0,-17.438,0,0.0323,0.268,0.384,346640.0,4.0,Mender
0.477,97.012,0.783,0.633,0.701,1.0,-11.582,0,0.0277,0.19,0.491,224532.0,4.0,Mender
0.528,88.055,0.131,0.749,0.653,5.0,-13.071,0,0.198,0.111,0.495,228253.0,4.0,Mender
0.352,95.484,0.27,0.7,0.576,7.0,-10.773,0,0.0268,0.16,0.36,203773.0,4.0,Mender
0.352,95.484,0.27,0.7,0.576,7.0,-10.773,0,0.0268,0.16,0.36,203773.0,4.0,Mender
0.302,84.987,0.00119,0.567,0.535,3.0,-14.901,0,0.0379,0.417,0.434,196566.0,4.0,Mender
0.42,91.766,2.11e-05,0.605,0.344,5.0,-11.73,0,0.0454,0.206,0.519,306013.0,4.0,Mender
0.512,87.935,0.323,0.961,0.44,10.0,-7.357,0,0.0303,0.129,0.51,263640.0,4.0,Mender
0.478,98.056,0.0,0.526,0.551,10.0,-10.58,0,0.0378,0.288,0.523,269354.0,4.0,Mender
0.577,81.986,1.23e-06,0.543,0.65,4.0,-8.728,0,0.0426,0.18,0.373,247160.0,4.0,Mender
0.488,95.005,0.0,0.444,0.665,9.0,-9.709,0,0.0624,0.137,0.518,189103.0,4.0,Mender
0.471,92.003,0.0,0.673,0.633,11.0,-11.547,0,0.0405,0.152,0.358,179347.0,4.0,Mender
0.298,88.447,0.0,0.912,0.339,2.0,-9.875,0,0.0541,0.351,0.468,187562.0,4.0,Mender
0.248,75.136,4.77e-06,0.977,0.481,9.0,-11.826,0,0.0311,0.102,0.433,172013.0,4.0,Mender
0.527,95.038,0.709,0.629,0.662,9.0,-8.132,0,0.263,0.129,0.422,331826.0,4.0,Mender
0.501,96.602,3.87e-06,0.469,0.587,5.0,-8.294,0,0.0283,0.627,0.584,253093.0,4.0,Mender
0.564,83.34,0.0,0.644,0.435,9.0,-6.291,0,0.0371,0.207,0.476,278386.0,3.0,Mender
0.501,88.253,3.23e-05,0.606,0.423,0.0,-13.298,0,0.0586,0.14,0.543,319066.0,4.0,Mender
0.221,82.153,4.95e-05,0.749,0.3,6.0,-14.684,0,0.036,0.155,0.417,245016.0,3.0,Mender
